Time,O'Connell St Outside Pennys,O'Connell St Outside Clerys,Mary Street,Capel Street,Aston Quay,Grafton Street @ CompuB,Talbot Street North,"Doilier Street, Burgh Quay",Dawson Street Replacement,Dame Street,Talbot Street South,"O'Connell St, Parnell St @ AIB",Grafton Street / Nassau Street / Suffolk Street,"College Green, Bank Of Ireland",Henry Street,Westmoreland Street East,Dawson Street,Liffey Street,Westmoreland Street West,Grafton Street,Bachelors Walk,College Green @ Church Lane,College Green - Dame St Side,Total
00:00:00,102.380821917808,296.484931506849,7.39178082191781,21.9260273972603,207.339726027397,209.298630136986,126.928767123288,164.128767123288,17.1753424657534,72.241095890411,667.260273972603,49.6383561643836,37.4602739726027,114.227397260274,39.9506849315068,245.317808219178,76.4876712328767,269.852054794521,563.468493150685,404.076712328767,87.9917808219178,66.1890410958904,54.8520547945205,3902.06849315068
00:15:00,86.2876712328767,296.484931506849,5.93698630136986,20.4767123287671,199.972602739726,188.712328767123,123.317808219178,153.920547945205,16.8438356164384,64.2931506849315,691.619178082192,41.6986301369863,33.3671232876712,105.150684931507,36.1178082191781,245.317808219178,76.4876712328767,269.852054794521,563.468493150685,404.076712328767,73.654794520548,58.3452054794521,49.3287671232877,3804.73150684931
00:30:00,76.1616438356164,296.484931506849,5.65205479452055,18.0465753424658,186.720547945205,169.852054794521,100.838356164384,150.884931506849,16.4904109589041,58.586301369863,722.479452054794,38.4520547945205,29.9534246575342,96.3945205479452,31.2301369863014,245.317808219178,76.4876712328767,269.852054794521,563.468493150685,404.076712328767,67.9041095890411,52,41.7342465753425,3719.06849315068
00:45:00,71.4657534246575,296.484931506849,4.72054794520548,17.2767123287671,159.712328767123,148.139726027397,88.8876712328767,148.057534246575,16.4575342465753,56.627397260274,717.065753424658,34.1397260273973,28.4739726027397,96.5808219178082,28.2904109589041,245.317808219178,76.4876712328767,269.852054794521,563.468493150685,404.076712328767,66.6,49.3041095890411,41.0739726027397,3628.56164383562
01:00:00,66.2225274725275,173.958791208791,4.18406593406593,16.4285714285714,142.159340659341,124.75,77.5686813186813,121.708791208791,11.3489010989011,51.793956043956,745.065934065934,29.4203296703297,22.2445054945055,83.978021978022,22.1978021978022,147.461538461538,46.6483516483517,171.997252747253,430.252747252747,334.92032967033,60.2664835164835,38.7005494505494,29.3626373626374,2952.64010989011
01:15:00,61.6730769230769,173.958791208791,3.81318681318681,19.1043956043956,145.085164835165,115.038461538462,69.2225274725275,116.348901098901,11.4835164835165,49.6648351648352,747.513736263736,26.3846153846154,20.978021978022,82.282967032967,20.3873626373626,147.461538461538,46.6483516483517,171.997252747253,430.252747252747,334.92032967033,56.5576923076923,35.8763736263736,26.9835164835165,2913.63736263736
01:30:00,55.8159340659341,173.958791208791,3.02472527472527,16.3846153846154,137.445054945055,111.85989010989,65.5521978021978,112.101648351648,11.6346153846154,52.9175824175824,736.14010989011,22.8324175824176,22.3324175824176,83.6923076923077,17.2335164835165,147.461538461538,46.6483516483517,171.997252747253,430.252747252747,334.92032967033,49.8351648351648,34.5714285714286,26.5741758241758,2865.18681318681
01:45:00,55.1675824175824,173.958791208791,2.53571428571429,13.9010989010989,126.126373626374,113.392857142857,56.1346153846154,124.010989010989,11.3406593406593,54.0027472527473,720.31043956044,20.4835164835165,23.3351648351648,90.5576923076923,16.6236263736264,147.461538461538,46.6483516483517,171.997252747253,430.252747252747,334.92032967033,50.717032967033,33.6291208791209,28.8406593406593,2846.3489010989
02:00:00,49.4904109589041,158.2,2.47397260273973,15.6219178082192,130.430136986301,99.2493150684932,48.3260273972603,91.5452054794521,10.2054794520548,43.2164383561644,697.731506849315,19.7479452054795,18.1780821917808,71.6739726027397,14.7123287671233,109.131506849315,29.8301369863014,148.282191780822,394.734246575342,314.641095890411,42.827397260274,27.3753424657534,21.0383561643836,2558.66301369863
02:15:00,49.0794520547945,158.2,2.73150684931507,16.3780821917808,124.81095890411,90.7835616438356,47.3068493150685,90.9068493150685,10.1342465753425,40.4794520547945,692.701369863014,18.8575342465753,16.5424657534247,72.413698630137,14.1698630136986,109.131506849315,29.8301369863014,148.282191780822,394.734246575342,314.641095890411,36.8219178082192,25.3342465753425,19.358904109589,2523.6301369863
02:30:00,51.6821917808219,158.2,2.3972602739726,15.2575342465753,124.317808219178,93.1506849315069,43.9616438356164,105.213698630137,9.87123287671233,43.5780821917808,666.035616438356,21.5808219178082,17.1917808219178,73.1808219178082,12.986301369863,109.131506849315,29.8301369863014,148.282191780822,394.734246575342,314.641095890411,34.827397260274,25.6465753424658,22.0082191780822,2517.70684931507
02:45:00,61.6164383561644,158.2,2.80547945205479,15.9178082191781,131.095890410959,99.9534246575342,47.4301369863014,112.764383561644,9.55342465753425,47.3287671232877,637.128767123288,20.172602739726,21.4301369863014,80.4520547945205,14.4493150684932,109.131506849315,29.8301369863014,148.282191780822,394.734246575342,314.641095890411,37.4931506849315,29.3123287671233,25.5397260273973,2549.26301369863
03:00:00,37.9890410958904,123.027397260274,2.27671232876712,18.7479452054795,95.3095890410959,83.6438356164384,40.4191780821918,78.7479452054795,8.01643835616438,37.9287671232877,522.74794520548,18.4082191780822,15.5945205479452,67.454794520548,13.6191780821918,92.3260273972603,23.4383561643836,116.26301369863,360.695890410959,302.243835616438,27.8493150684932,22.4931506849315,16.0712328767123,2125.31232876712
03:15:00,62.0438356164384,123.027397260274,2.5041095890411,22.8821917808219,107.767123287671,96.2575342465754,43.7205479452055,73.3123287671233,8.95890410958904,45.1753424657534,599.553424657534,17.6821917808219,16.6986301369863,78.0876712328767,13.3068493150685,92.3260273972603,23.4383561643836,116.26301369863,360.695890410959,302.243835616438,31.8328767123288,25.7534246575342,16.1698630136986,2279.70136986301
03:30:00,53.3205479452055,123.027397260274,2.64657534246575,19.972602739726,104.205479452055,89.6849315068493,34.1013698630137,69.3698630136986,8.31506849315069,39.7534246575343,580.835616438356,15.1178082191781,15.558904109589,74.2328767123288,12.041095890411,92.3260273972603,23.4383561643836,116.26301369863,360.695890410959,302.243835616438,29.3205479452055,24.0630136986301,15.2054794520548,2205.7397260274
03:45:00,47.1917808219178,123.027397260274,2.48219178082192,19.2547945205479,87.6547945205479,88.9835616438356,31.1479452054794,74.1178082191781,8.67397260273973,35.613698630137,550.854794520548,13.8465753424658,14.6219178082192,75.186301369863,12.1068493150685,92.3260273972603,23.4383561643836,116.26301369863,360.695890410959,302.243835616438,25.7232876712329,20.8383561643836,15.772602739726,2142.06575342466
04:00:00,37.0575342465753,59.6767123287671,2.85753424657534,18.4438356164384,69.8054794520548,68.5917808219178,31.2767123287671,39.8684931506849,7.65753424657534,22.2356164383562,526.734246575342,11.7643835616438,8.73698630136986,55.786301369863,12.1890410958904,50.8328767123288,7.41917808219178,35.9643835616438,139.180821917808,166.268493150685,20.4575342465753,12.9123287671233,8.33424657534247,1414.05205479452
04:15:00,30.786301369863,59.6767123287671,2.65753424657534,16.8904109589041,61.2,58.3205479452055,26.972602739726,34.6164383561644,7.5041095890411,17.5753424657534,502.520547945205,11.6191780821918,7.1013698630137,51.7616438356164,13.2630136986301,50.8328767123288,7.41917808219178,35.9643835616438,139.180821917808,166.268493150685,17.5753424657534,9.54794520547945,7.13424657534247,1336.38904109589
04:30:00,25.0986301369863,59.6767123287671,2.12054794520548,12.2794520547945,54.6164383561644,51.1397260273973,25.1479452054795,33.5123287671233,7.00821917808219,14.6191780821918,487.865753424658,9.67123287671233,6.47945205479452,46.7479452054795,11.7780821917808,50.8328767123288,7.41917808219178,35.9643835616438,139.180821917808,166.268493150685,15.5671232876712,8.14520547945206,5.98082191780822,1277.12054794521
04:45:00,22.1753424657534,59.6767123287671,2.5013698630137,11.7178082191781,54.8301369863014,45.4,28.0684931506849,32.786301369863,7.24657534246575,12.4575342465753,478.86301369863,9.58082191780822,5.54794520547945,45.1808219178082,12.9917808219178,50.8328767123288,7.41917808219178,35.9643835616438,139.180821917808,166.268493150685,15.1369863013699,7.72876712328767,7.43013698630137,1258.98630136986
05:00:00,20.1780821917808,82.9917808219178,2.71506849315068,11.4520547945205,50.8876712328767,47.9013698630137,27.0602739726027,28.1917808219178,9.2958904109589,11.2602739726027,465.86301369863,9.16164383561644,5.87123287671233,38.627397260274,16.3835616438356,46.9287671232877,9.64931506849315,33.4191780821918,111.621917808219,97.7671232876712,13.5452054794521,8.4986301369863,6.86849315068493,1156.1397260274
05:15:00,22.2,82.9917808219178,3.76712328767123,12.0383561643836,50.841095890411,47.1315068493151,29.5315068493151,30.7452054794521,9.70684931506849,12.7150684931507,460.695890410959,11.2191780821918,5.33150684931507,38.7424657534247,22.3698630136986,46.9287671232877,9.64931506849315,33.4191780821918,111.621917808219,97.7671232876712,15.2082191780822,8.89315068493151,8.22739726027397,1171.74246575342
05:30:00,24.813698630137,82.9917808219178,3.15342465753425,8.68767123287671,52.3808219178082,57.7342465753425,32.8219178082192,33.8712328767123,9.05753424657534,11.5616438356164,463.01095890411,17.5260273972603,6.69041095890411,40.4602739726027,22.7643835616438,46.9287671232877,9.64931506849315,33.4191780821918,111.621917808219,97.7671232876712,16.8712328767123,11.2438356164384,12.7205479452055,1207.74794520548
05:45:00,39.5890410958904,82.9917808219178,4.46575342465753,10.1534246575342,70.6602739726027,72.758904109589,40.4904109589041,46.654794520548,9.6958904109589,22.9753424657534,468.534246575342,20.3178082191781,11.1150684931507,44.3123287671233,32.7424657534247,46.9287671232877,9.64931506849315,33.4191780821918,111.621917808219,97.7671232876712,21.5698630136986,17.7534246575342,19.6,1335.76712328767
06:00:00,44.6109589041096,357.739726027397,5.77534246575342,11.1616438356164,106.81095890411,114.484931506849,49.5808219178082,76.2794520547945,23.4630136986301,24.0876712328767,493.882191780822,25.6246575342466,15.4164383561644,57.1945205479452,46.2328767123288,133.986301369863,44.6657534246575,117.86301369863,354.479452054795,227.547945205479,35.3835616438356,36.1150684931507,32.2657534246575,2434.65205479452
06:15:00,65.3643835616438,357.739726027397,7.48219178082192,14.1890410958904,135.495890410959,152.841095890411,61.0630136986301,113.232876712329,23.5671232876712,39.1369863013699,533.652054794521,35.9753424657534,20.9698630136986,68.8547945205479,59.9753424657534,133.986301369863,44.6657534246575,117.86301369863,354.479452054795,227.547945205479,60.2328767123288,70.9260273972603,40.8712328767123,2740.11232876712
06:30:00,80.0767123287671,357.739726027397,10.4246575342466,16.7369863013699,153.972602739726,231.832876712329,78.5808219178082,145.613698630137,24.0438356164384,72.9890410958904,564.797260273973,43.6794520547945,30.0904109589041,86.4082191780822,74.7671232876712,133.986301369863,44.6657534246575,117.86301369863,354.479452054795,227.547945205479,88.8356164383562,116.347945205479,62.8520547945205,3118.33150684932
06:45:00,99.4383561643836,357.739726027397,12.986301369863,19.5123287671233,183.676712328767,282.019178082192,95.9150684931507,161.523287671233,24.7205479452055,84.8328767123288,588.290410958904,52.986301369863,39.4164383561644,90.613698630137,105.871232876712,133.986301369863,44.6657534246575,117.86301369863,354.479452054795,227.547945205479,92.4739726027397,123.904109589041,74.5534246575343,3369.01643835616
07:00:00,108.997260273973,687.361643835616,12.5315068493151,19.1452054794521,290.816438356164,364.306849315069,119.241095890411,190.564383561644,27.813698630137,79.0794520547945,679.564383561644,64.8657534246575,47.213698630137,91.1506849315068,112.821917808219,292.613698630137,137.350684931507,270.156164383562,641.432876712329,490.561643835617,128.238356164384,99.8191780821918,100.912328767123,5056.55890410959
07:15:00,125.035616438356,687.361643835616,14.2082191780822,19.6630136986301,312.6,388.243835616438,137.471232876712,195.838356164384,27.8328767123288,83.4054794520548,700.953424657534,67.0958904109589,51.2383561643836,95.586301369863,121.01095890411,292.613698630137,137.350684931507,270.156164383562,641.432876712329,490.561643835617,139.73698630137,104.041095890411,116.032876712329,5219.47123287671
07:30:00,137.528767123288,687.361643835616,17.3561643835616,23.0575342465753,319.953424657534,446.298630136986,168.61095890411,208.775342465753,28.1287671232877,98.5150684931507,704.704109589041,75.1835616438356,63.0630136986301,106.547945205479,154.890410958904,292.613698630137,137.350684931507,270.156164383562,641.432876712329,490.561643835617,156.093150684932,122.632876712329,152.079452054795,5502.89589041096
07:45:00,175.630136986301,687.361643835616,22.2438356164384,29.3890410958904,291.093150684931,486.950684931507,190.331506849315,228.734246575342,28.3917808219178,114.482191780822,731.241095890411,87.3917808219178,75.7178082191781,126.627397260274,193.728767123288,292.613698630137,137.350684931507,270.156164383562,641.432876712329,490.561643835617,200.156164383562,169.561643835616,191.517808219178,5862.66575342466
08:00:00,196.180821917808,1196.31506849315,27.3287671232877,30.5041095890411,312.164383561644,529.986301369863,204.81095890411,244.161643835616,34.0082191780822,115.016438356164,718.068493150685,117.12602739726,91.8712328767123,139.452054794521,220.180821917808,609.315068493151,323.682191780822,589.123287671233,1075.57534246575,1085.61917808219,247.745205479452,190.868493150685,242.531506849315,8541.63561643836
08:15:00,260.238356164384,1196.31506849315,33.4712328767123,41.2219178082192,352.205479452055,574.945205479452,230.191780821918,252.706849315068,33.9068493150685,144.745205479452,725.180821917808,136.153424657534,114.98904109589,167.523287671233,273.386301369863,609.315068493151,323.682191780822,589.123287671233,1075.57534246575,1085.61917808219,274.709589041096,224.854794520548,299.112328767123,9019.17260273973
08:30:00,336.778082191781,1196.31506849315,44.8520547945205,57.7178082191781,373.978082191781,598.723287671233,250.676712328767,269.158904109589,34.5123287671233,180.482191780822,722.553424657534,168.756164383562,150.186301369863,199.183561643836,345.972602739726,609.315068493151,323.682191780822,589.123287671233,1075.57534246575,1085.61917808219,298.416438356164,281.761643835616,374.484931506849,9567.82465753425
08:45:00,371.471232876712,1196.31506849315,55.613698630137,82.813698630137,352.153424657534,605.180821917808,261.630136986301,271.517808219178,35.2767123287671,193.890410958904,738.008219178082,190.753424657534,162.915068493151,216.947945205479,384.723287671233,609.315068493151,323.682191780822,589.123287671233,1075.57534246575,1085.61917808219,285.402739726027,304.101369863014,397.93698630137,9789.96712328767
09:00:00,323.276712328767,1159.52876712329,49.2054794520548,69.3479452054794,325.084931506849,581.619178082192,236.671232876712,251.427397260274,33.9205479452055,170.304109589041,479.520547945205,169.846575342466,124.704109589041,185.46301369863,368.805479452055,593.057534246575,297.73698630137,603.6,1075.17534246575,1054.55890410959,226.065753424658,244.076712328767,288.693150684931,8911.6904109589
09:15:00,330.772602739726,1159.52876712329,44.8520547945205,51.3287671232877,337.635616438356,577.780821917808,228.07397260274,244.052054794521,34.2547945205479,164.947945205479,448.917808219178,160.717808219178,114.506849315069,178.4,391.638356164384,593.057534246575,297.73698630137,603.6,1075.17534246575,1054.55890410959,201.241095890411,227.879452054795,267.578082191781,8788.23561643836
09:30:00,346.630136986301,1159.52876712329,45.3150684931507,51.9780821917808,321.676712328767,574.334246575343,214.21095890411,242.219178082192,33.9041095890411,169.654794520548,440.553424657534,169.241095890411,113.041095890411,182.153424657534,432.78904109589,593.057534246575,297.73698630137,603.6,1075.17534246575,1054.55890410959,189.712328767123,232.358904109589,259.52602739726,8802.95616438356
09:45:00,369.564383561644,1159.52876712329,51.2931506849315,60.3616438356164,289.260273972603,564.682191780822,212.641095890411,240.819178082192,34.0575342465753,179.720547945206,437.731506849315,179.482191780822,118.156164383562,184.016438356164,463.652054794521,593.057534246575,297.73698630137,603.6,1075.17534246575,1054.55890410959,187.556164383562,232.421917808219,255.78904109589,8844.86301369863
10:00:00,369.356164383562,1249.44931506849,53.1178082191781,59.7178082191781,295.295890410959,535.8,212.47397260274,230.906849315068,30.5232876712329,166.619178082192,417.47397260274,193.709589041096,103.019178082192,178.904109589041,497.41095890411,581.153424657534,305.652054794521,791.605479452055,1155.56438356164,1354.71506849315,180.386301369863,206.586301369863,218.131506849315,9387.57260273973
10:15:00,424.493150684932,1249.44931506849,58.9780821917808,60.172602739726,314.917808219178,552.46301369863,217.657534246575,226.616438356164,30.2767123287671,176.701369863014,418.109589041096,206.079452054795,111.323287671233,191.967123287671,550.027397260274,581.153424657534,305.652054794521,791.605479452055,1155.56438356164,1354.71506849315,190.632876712329,217.553424657534,225.167123287671,9611.27671232877
10:30:00,466.046575342466,1249.44931506849,67.6931506849315,68.2794520547945,317.553424657534,572.58904109589,213.575342465753,233.638356164384,30.4356164383562,188.07397260274,416.2,218.87397260274,121.991780821918,204.758904109589,601.120547945205,581.153424657534,305.652054794521,791.605479452055,1155.56438356164,1354.71506849315,205.358904109589,241.232876712329,242.306849315068,9847.86849315069
10:45:00,489.857534246575,1249.44931506849,73.7150684931507,75.4520547945206,293.454794520548,585.950684931507,210.238356164384,231.468493150685,30.9753424657534,197.931506849315,421.654794520548,226.53698630137,134.241095890411,213.6,642.654794520548,581.153424657534,305.652054794521,791.605479452055,1155.56438356164,1354.71506849315,212.706849315069,256.915068493151,249.720547945205,9985.21369863014
11:00:00,504.841095890411,1387.31780821918,79.1506849315068,76.4986301369863,314.649315068493,604.778082191781,213.534246575342,234.684931506849,34.7287671232877,191.468493150685,403.832876712329,235.01095890411,135.142465753425,216.704109589041,707.843835616438,704.890410958904,396.150684931507,1011.61643835616,1380.8602739726,1890.36712328767,209.101369863014,260.312328767123,239.578082191781,11433.0630136986
11:15:00,533.676712328767,1387.31780821918,88.5808219178082,79.2356164383562,340.706849315068,637.969863013699,214.375342465753,236.942465753425,35.0575342465753,198.745205479452,401.693150684932,239.32602739726,142.054794520548,230.660273972603,748.178082191781,704.890410958904,396.150684931507,1011.61643835616,1380.8602739726,1890.36712328767,213.547945205479,273.484931506849,248.087671232877,11633.5260273973
11:30:00,560.950684931507,1387.31780821918,96.3945205479452,83.3589041095891,339.898630136986,661.394520547945,216.739726027397,233.145205479452,35.7917808219178,221.071232876712,404.394520547945,249.287671232877,149.731506849315,241.630136986301,771.2,704.890410958904,396.150684931507,1011.61643835616,1380.8602739726,1890.36712328767,227.758904109589,283.394520547945,261.016438356164,11808.3616438356
11:45:00,584.145205479452,1387.31780821918,107.438356164384,90.4849315068493,305.742465753425,677.572602739726,231.956164383562,233.665753424658,35.9150684931507,243.712328767123,416.432876712329,260.495890410959,159.780821917808,246.679452054795,801.739726027397,704.890410958904,396.150684931507,1011.61643835616,1380.8602739726,1890.36712328767,231.613698630137,302.441095890411,270.38904109589,11971.4082191781
12:00:00,605.641095890411,1699.39178082192,115.578082191781,100.564383561644,335.306849315068,707.257534246575,244.6,236.038356164384,44.1534246575342,244.178082191781,421.46301369863,287.21095890411,174.306849315068,255.728767123288,866.309589041096,831.090410958904,571.041095890411,1293.85753424658,1556.19726027397,2478.38904109589,239.304109589041,320.594520547945,285.969863013699,13914.1726027397
12:15:00,656.791780821918,1699.39178082192,134.002739726027,129.169863013699,379.279452054795,740.167123287671,252.147945205479,242.043835616438,43.1808219178082,265.857534246575,450.147945205479,313.457534246575,188.684931506849,274.07397260274,934.594520547945,831.090410958904,571.041095890411,1293.85753424658,1556.19726027397,2478.38904109589,248.345205479452,345.550684931507,312.024657534247,14339.4876712329
12:30:00,686.342465753425,1699.39178082192,147.838356164384,133.917808219178,382.084931506849,769.997260273973,254.706849315068,245.758904109589,43.627397260274,275.657534246575,481.575342465753,326.013698630137,205.928767123288,287.005479452055,992.564383561644,831.090410958904,571.041095890411,1293.85753424658,1556.19726027397,2478.38904109589,272.079452054794,355.279452054795,335.07397260274,14625.4191780822
12:45:00,702.950684931507,1699.39178082192,157.632876712329,139.742465753425,342.956164383562,781.306849315068,264.279452054795,254.723287671233,44.1424657534247,295.915068493151,496.276712328767,337.216438356164,215.58904109589,286.608219178082,1025.46575342466,831.090410958904,571.041095890411,1293.85753424658,1556.19726027397,2478.38904109589,272.46301369863,366.843835616438,346.27397260274,14760.3534246575
13:00:00,751.969863013699,1889.97808219178,171.123287671233,149.578082191781,370.852054794521,813.33698630137,291.33698630137,267.304109589041,48.3753424657534,313.268493150685,512.427397260274,353.619178082192,232.06301369863,299.53698630137,1094.07945205479,961.490410958904,698.052054794521,1527.42739726027,1616.38630136986,2892.53150684931,293.764383561644,395.786301369863,366.306849315069,16310.5945205479
13:15:00,768.517808219178,1889.97808219178,178.21095890411,146.515068493151,384.054794520548,819.778082191781,290.221917808219,265.005479452055,48.3260273972603,313.682191780822,511.580821917808,355.868493150685,242.158904109589,309.838356164384,1123.93150684932,961.490410958904,698.052054794521,1527.42739726027,1616.38630136986,2892.53150684931,300.652054794521,397.827397260274,359.939726027397,16401.9753424658
13:30:00,762.830136986301,1889.97808219178,177.246575342466,142.898630136986,392.104109589041,810.084931506849,281.832876712329,262.641095890411,49.1342465753425,317.769863013699,518.739726027397,349.52602739726,244.358904109589,314.679452054794,1108.83561643836,961.490410958904,698.052054794521,1527.42739726027,1616.38630136986,2892.53150684931,302.772602739726,403.008219178082,362.235616438356,16386.5643835616
13:45:00,736.298630136986,1889.97808219178,170.797260273973,134.035616438356,367.969863013699,797.879452054795,279.345205479452,265.257534246575,50.2575342465753,312.67397260274,501.271232876712,342.991780821918,240.082191780822,312.232876712329,1088.29863013699,961.490410958904,698.052054794521,1527.42739726027,1616.38630136986,2892.53150684931,297.93698630137,397.421917808219,357.671232876712,16238.2876712329
14:00:00,703.813698630137,1716.15068493151,158.882191780822,119.372602739726,391.476712328767,791.958904109589,265.504109589041,250.893150684931,45.5616438356164,296.915068493151,462.613698630137,329.082191780822,214.509589041096,304.821917808219,1047.61643835616,918.6,550.224657534247,1531.98356164384,1515.58082191781,2570.23561643836,283.109589041096,369.443835616438,313.26301369863,15151.6136986301
14:15:00,693.076712328767,1716.15068493151,147.021917808219,111.482191780822,397.115068493151,788.797260273973,275.353424657534,247.898630136986,45.4027397260274,288.109589041096,455.128767123288,326.643835616438,205.320547945205,310.139726027397,1046.4904109589,918.6,550.224657534247,1531.98356164384,1515.58082191781,2570.23561643836,269.997260273973,357.556164383562,304.98904109589,15073.298630137
14:30:00,678.205479452055,1716.15068493151,143.095890410959,107.265753424658,382.58904109589,788.386301369863,258.479452054795,240.66301369863,45.6547945205479,289.304109589041,439.235616438356,321.471232876712,204.884931506849,312.238356164384,1027.59178082192,918.6,550.224657534247,1531.98356164384,1515.58082191781,2570.23561643836,273.235616438356,357.260273972603,297.260273972603,14969.597260274
14:45:00,671.52602739726,1716.15068493151,140.27397260274,106.457534246575,356.043835616438,785.339726027397,268.128767123288,241.397260273973,45.4109589041096,298.052054794521,424.26301369863,318.013698630137,206.216438356164,312.430136986301,1014.87671232877,918.6,550.224657534247,1531.98356164384,1515.58082191781,2570.23561643836,272.93698630137,357.580821917808,301.443835616438,14923.1671232877
15:00:00,676.057534246575,1705.87945205479,135.238356164384,103.331506849315,386.865753424658,793.805479452055,253.917808219178,242.468493150685,48.5260273972603,291.421917808219,409.646575342466,321.53698630137,200.794520547945,316.608219178082,1024.27671232877,903.320547945206,521.843835616438,1536.59178082192,1556.7397260274,2476.74520547945,273.939726027397,361.964383561644,299.934246575342,14841.4547945205
15:15:00,690.797260273973,1705.87945205479,132.465753424658,102.572602739726,393.145205479452,796.967123287671,258.279452054795,235.476712328767,47.7561643835617,290.241095890411,412.180821917808,321.698630136986,197.131506849315,326.021917808219,1028.68493150685,903.320547945206,521.843835616438,1536.59178082192,1556.7397260274,2476.74520547945,267.597260273973,360.679452054794,292.578082191781,14855.3945205479
15:30:00,696.205479452055,1705.87945205479,130.317808219178,103.246575342466,382.567123287671,802.580821917808,269.687671232877,242.079452054794,47.6109589041096,297.019178082192,405.391780821918,330.747945205479,198.087671232877,330.528767123288,1038.86849315069,903.320547945206,521.843835616438,1536.59178082192,1556.7397260274,2476.74520547945,274.421917808219,358.054794520548,304.087671232877,14912.6246575342
15:45:00,699.706849315068,1705.87945205479,132.158904109589,104.975342465753,357.224657534247,802.517808219178,273.602739726027,243.427397260274,48.4493150684932,297.230136986301,407.86301369863,331.964383561644,202.553424657534,335.186301369863,1039.07671232877,903.320547945206,521.843835616438,1536.59178082192,1556.7397260274,2476.74520547945,280.594520547945,367.920547945205,315.698630136986,14941.2712328767
16:00:00,711.367123287671,1864.58630136986,132.745205479452,106.161643835616,378.690410958904,813.745205479452,272.827397260274,246.367123287671,55.2383561643836,306.575342465753,430.438356164384,340.504109589041,228.597260273973,355.413698630137,1052.27945205479,1060.45753424658,572.361643835616,1630.82739726027,1577.2,2492.50684931507,287.098630136986,389.92602739726,342.339726027397,15648.2547945206
16:15:00,729.304109589041,1864.58630136986,131.865753424658,119.701369863014,400.378082191781,818.435616438356,260.671232876712,249.153424657534,54.7643835616438,312.734246575342,437.076712328767,345.312328767123,226.684931506849,362.290410958904,1066.11780821918,1060.45753424658,572.361643835616,1630.82739726027,1577.2,2492.50684931507,284.969863013699,386.41095890411,342.131506849315,15725.9424657534
16:30:00,737.8,1864.58630136986,129.638356164384,113.791780821918,395.252054794521,815.358904109589,267.328767123288,254.18904109589,54.6849315068493,309.164383561644,443.684931506849,351.071232876712,230.320547945205,364.652054794521,1071.63561643836,1060.45753424658,572.361643835616,1630.82739726027,1577.2,2492.50684931507,293.358904109589,385.747945205479,352.01095890411,15767.6301369863
16:45:00,740.81095890411,1864.58630136986,135.449315068493,122.520547945205,351.33698630137,820.758904109589,272.482191780822,255.780821917808,54.7945205479452,322.276712328767,450.208219178082,362.227397260274,228.482191780822,373.104109589041,1067.14520547945,1060.45753424658,572.361643835616,1630.82739726027,1577.2,2492.50684931507,294.268493150685,393.964383561644,368.73698630137,15812.2876712329
17:00:00,774.306849315069,2036.45205479452,140.728767123288,125.93698630137,416.446575342466,827.997260273973,276.482191780822,267.169863013699,60.9013698630137,345.986301369863,494.476712328767,379.372602739726,265.356164383562,406.983561643836,1077.76438356164,1198.29589041096,683.978082191781,1717.54246575342,1674.77260273973,2635.22465753425,313.534246575342,438.512328767123,426.564383561644,16984.7863013699
17:15:00,781.2,2036.45205479452,138.221917808219,122.030136986301,455.816438356164,832.46301369863,277.931506849315,269.221917808219,61.7780821917808,341.07397260274,496.660273972603,378.901369863014,267.531506849315,412.646575342466,1082.21917808219,1198.29589041096,683.978082191781,1717.54246575342,1674.77260273973,2635.22465753425,326.147945205479,429.8,439.761643835616,17059.6712328767
17:30:00,764.978082191781,2036.45205479452,135.2,123.120547945205,437.654794520548,853.824657534247,284.81095890411,265.369863013699,60.7671232876712,338.438356164384,513.780821917808,379.586301369863,278.424657534247,401.230136986301,1064.76164383562,1198.29589041096,683.978082191781,1717.54246575342,1674.77260273973,2635.22465753425,346.268493150685,428.191780821918,453.854794520548,17076.5287671233
17:45:00,750.92602739726,2036.45205479452,132.432876712329,124.315068493151,392.775342465753,866.383561643836,285.602739726027,269.665753424657,61.2657534246575,332.191780821918,513.871232876712,379.002739726027,274.413698630137,398.512328767123,1038.91232876712,1198.29589041096,683.978082191781,1717.54246575342,1674.77260273973,2635.22465753425,347.868493150685,425.712328767123,459.624657534247,16999.7424657534
18:00:00,714.030136986301,1798.66575342466,127.561643835616,122.328767123288,436.430136986301,856.613698630137,293.715068493151,257.353424657534,54.6356164383562,321.87397260274,562.646575342466,361.041095890411,254.630136986301,385.816438356164,961.961643835616,980.049315068493,545.567123287671,1489.13150684932,1524.27671232877,2089.71780821918,346.202739726027,406.142465753425,409.249315068493,15299.6410958904
18:15:00,654.778082191781,1798.66575342466,118.216438356164,122.986301369863,465.060273972603,832.895890410959,310.720547945205,248.493150684931,53.1397260273973,292.841095890411,563.060273972603,347.358904109589,220.375342465753,364.649315068493,872.517808219178,980.049315068493,545.567123287671,1489.13150684932,1524.27671232877,2089.71780821918,332.824657534247,381.884931506849,374.460273972603,14983.6712328767
18:30:00,607.134246575343,1798.66575342466,106.939726027397,112.583561643836,444.378082191781,799.523287671233,293.032876712329,244.049315068493,52.3342465753425,266.635616438356,555.630136986301,339.213698630137,192.156164383562,336.709589041096,808.909589041096,980.049315068493,545.567123287671,1489.13150684932,1524.27671232877,2089.71780821918,318.216438356164,349.895890410959,327.980821917808,14582.7315068493
18:45:00,571.098630136986,1798.66575342466,95.8712328767123,109.282191780822,397.421917808219,777.567123287671,282.241095890411,242.52602739726,51.8493150684932,255.495890410959,537.731506849315,330.150684931507,179.528767123288,317.419178082192,745.115068493151,980.049315068493,545.567123287671,1489.13150684932,1524.27671232877,2089.71780821918,301.758904109589,336.827397260274,310.249315068493,14269.5424657534
19:00:00,542.6,1439.24931506849,85.2,109.287671232877,450.942465753425,744.890410958904,259.106849315068,234.956164383562,41.6383561643836,249.630136986301,535.8,308.128767123288,161.432876712329,309.819178082192,661.728767123288,735.586301369863,383.501369863014,1119.65205479452,1318.06849315068,1309.6904109589,293.295890410959,312.117808219178,266.635616438356,11872.9589041096
19:15:00,469.334246575342,1439.24931506849,69.4684931506849,100.975342465753,469.016438356164,711.898630136986,245.178082191781,230.221917808219,40.5150684931507,233.597260273973,540.931506849315,290.312328767123,135.608219178082,290.46301369863,546.249315068493,735.586301369863,383.501369863014,1119.65205479452,1318.06849315068,1309.6904109589,282.898630136986,294.698630136986,242.556164383562,11499.6712328767
19:30:00,425.060273972603,1439.24931506849,58.5452054794521,94.5890410958904,454.723287671233,671.753424657534,220.635616438356,230.128767123288,40.1095890410959,218.835616438356,511.457534246575,273.452054794521,119.906849315069,272.471232876712,479.742465753425,735.586301369863,383.501369863014,1119.65205479452,1318.06849315068,1309.6904109589,279.046575342466,281.178082191781,217.657534246575,11155.0410958904
19:45:00,407.227397260274,1439.24931506849,52.1095890410959,87.3835616438356,407.528767123288,646.008219178082,215.635616438356,228.057534246575,39.986301369863,209.131506849315,511.052054794521,263.18904109589,115.087671232877,261.8,442.978082191781,735.586301369863,383.501369863014,1119.65205479452,1318.06849315068,1309.6904109589,284.693150684931,265.893150684932,205.854794520548,10949.3643835616
20:00:00,390.139726027397,1181.14246575342,46.7452054794521,83.9808219178082,423.134246575343,608.671232876712,216.156164383562,223.882191780822,35.2520547945205,203.18904109589,507.704109589041,240.01095890411,110.93698630137,258.471232876712,383.676712328767,580.915068493151,274.027397260274,833.46301369863,1164.90684931507,879.443835616438,278.312328767123,247.871232876712,193.92602739726,9365.95890410959
20:15:00,342.334246575342,1181.14246575342,38.8986301369863,76.4794520547945,435.071232876712,575.298630136986,211.484931506849,221.884931506849,35.2520547945205,191.123287671233,496.668493150685,225.265753424657,98.1068493150685,240.221917808219,321.772602739726,580.915068493151,274.027397260274,833.46301369863,1164.90684931507,879.443835616438,265.443835616438,235.156164383562,173.232876712329,9097.59452054795
20:30:00,307.580821917808,1181.14246575342,33.1671232876712,68.5671232876712,425.747945205479,541.386301369863,206.41095890411,214.564383561644,34.7808219178082,176.643835616438,481.975342465753,205.498630136986,87.558904109589,221.797260273973,283.202739726027,580.915068493151,274.027397260274,833.46301369863,1164.90684931507,879.443835616438,250.632876712329,219.980821917808,156.186301369863,8829.58082191781
20:45:00,288.978082191781,1181.14246575342,29.4301369863014,64.627397260274,385.276712328767,519.591780821918,216.301369863014,217.323287671233,34.4986301369863,167.131506849315,470.334246575343,191.723287671233,79.2712328767123,211.761643835616,260.364383561644,580.915068493151,274.027397260274,833.46301369863,1164.90684931507,879.443835616438,237.87397260274,206.271232876712,144.301369863014,8638.95890410959
21:00:00,278.567123287671,897.93698630137,26.8712328767123,61.1095890410959,414.506849315069,498.397260273973,205.909589041096,214.304109589041,32.4986301369863,165.778082191781,477.032876712329,167.93698630137,77.3068493150685,205.852054794521,230.586301369863,474.328767123288,203.523287671233,626.605479452055,1010.71232876712,673.783561643836,227.224657534247,195.723287671233,138.082191780822,7504.57808219178
21:15:00,242.780821917808,897.93698630137,23.1232876712329,57.558904109589,419.183561643836,469.775342465753,193.471232876712,220.580821917808,32.4191780821918,163.057534246575,469.150684931507,154.454794520548,72.0027397260274,197.534246575342,177.257534246575,474.328767123288,203.523287671233,626.605479452055,1010.71232876712,673.783561643836,215.030136986301,187.471232876712,131.076712328767,7312.81917808219
21:30:00,223.364383561644,897.93698630137,19.772602739726,53.772602739726,404.27397260274,457.452054794521,206.361643835616,216.079452054795,32.1698630136986,153.506849315069,458.928767123288,142.819178082192,68.0109589041096,188.071232876712,153.07397260274,474.328767123288,203.523287671233,626.605479452055,1010.71232876712,673.783561643836,211.347945205479,175.241095890411,122.367123287671,7173.50410958904
21:45:00,213.454794520548,897.93698630137,18.8328767123288,50.0602739726027,370.430136986301,434.816438356164,203.643835616438,219.147945205479,31.8657534246575,150.857534246575,453.021917808219,136.095890410959,67.758904109589,183.013698630137,139.73698630137,474.328767123288,203.523287671233,626.605479452055,1010.71232876712,673.783561643836,204.534246575342,173.005479452055,118.578082191781,7055.74520547945
22:00:00,219.753424657534,780.312328767123,17.7287671232877,48.1616438356164,379.972602739726,408.134246575342,186.402739726027,221.994520547945,27.3205479452055,150.441095890411,450.698630136986,122.490410958904,69.8109589041096,181.734246575342,125.282191780822,412.824657534247,176.764383561644,561.81095890411,947.841095890411,613.030136986301,194.857534246575,161.632876712329,112.356164383562,6571.35616438356
22:15:00,205.901369863014,780.312328767123,16.1534246575342,44.1671232876712,388.531506849315,401.268493150685,176.498630136986,220.213698630137,27.1561643835616,148.882191780822,453.846575342466,112.008219178082,68.0383561643836,177.805479452055,110.912328767123,412.824657534247,176.764383561644,561.81095890411,947.841095890411,613.030136986301,182.353424657534,155.791780821918,108.687671232877,6490.8
22:30:00,198.142465753425,780.312328767123,14.6767123287671,41.1315068493151,373.98904109589,400.243835616438,180.504109589041,222.558904109589,27.3890410958904,146.980821917808,447.241095890411,109.095890410959,67.9260273972603,175.586301369863,100.761643835616,412.824657534247,176.764383561644,561.81095890411,947.841095890411,613.030136986301,199.191780821918,148.517808219178,103.369863013699,6449.8904109589
22:45:00,188.652054794521,780.312328767123,14.641095890411,38.7808219178082,333.038356164384,392.471232876712,175.865753424658,226.660273972603,27.627397260274,150.887671232877,464.619178082192,102.624657534247,70.7479452054795,175.506849315069,91.0328767123288,412.824657534247,176.764383561644,561.81095890411,947.841095890411,613.030136986301,170.049315068493,153.717808219178,105.221917808219,6374.72876712329
23:00:00,177.734246575342,577.978082191781,12.8109589041096,39.3123287671233,347.849315068493,362.082191780822,160.276712328767,224.109589041096,27.0219178082192,147.717808219178,512.139726027397,91.8328767123288,70.6246575342466,179.358904109589,78.8767123287671,370.024657534247,136.830136986301,475.452054794521,827.564383561644,547.038356164384,148.317808219178,148.630136986301,103.504109589041,5767.08767123288
23:15:00,175.33698630137,577.978082191781,11.5753424657534,36.0712328767123,358.534246575342,335.416438356164,166.641095890411,218.720547945205,32.6575342465753,127.134246575342,514.690410958904,81.5260273972603,66.9506849315069,170.487671232877,73.0465753424658,370.024657534247,136.830136986301,475.452054794521,827.564383561644,547.038356164384,145.58904109589,143.476712328767,99.3123287671233,5692.05479452055
23:30:00,134.550684931507,577.978082191781,9.35890410958904,29.3260273972603,289.287671232877,310.498630136986,147.791780821918,213.046575342466,26.1232876712329,94.5123287671233,564.893150684931,70.4876712328767,52.0739726027397,143.219178082192,58.4219178082192,370.024657534247,136.830136986301,475.452054794521,827.564383561644,547.038356164384,118.501369863014,106.78904109589,81.6712328767123,5385.44109589041
23:45:00,119.895890410959,577.978082191781,8.39452054794521,24.6712328767123,241.860273972603,251.153424657534,144.945205479452,191.068493150685,25.7315068493151,84.5479452054795,605.12602739726,62.4191780821918,46.6575342465753,137.169863013699,52.1205479452055,370.024657534247,136.830136986301,475.452054794521,827.564383561644,547.038356164384,103.082191780822,83.0328767123288,70.6082191780822,5187.37260273973
